<ServerSettings>
  <set.secureport>0</set.secureport>
  <set.insecureport>88</set.insecureport>
  <set.accountname></set.accountname>
  <set.domains></set.domains>
  <set.acmefolder>C:\Users\Public\Documents\SoftVelocity\Clarion11\Accessory\Capesoft\NetTalk\Web Server\Timers (46)\web</set.acmefolder>
  <set.certificatesfolder>C:\Users\Public\Documents\SoftVelocity\Clarion11\Accessory\Capesoft\NetTalk\Web Server\Timers (46)\certificates</set.certificatesfolder>
  <set.lastcertificatecheckdate>80738</set.lastcertificatecheckdate>
  <set.staging>0</set.staging>
  <set.webfolder>C:\Users\Public\Documents\SoftVelocity\Clarion11\Accessory\Capesoft\NetTalk\Web Server\Timers (46)\web</set.webfolder>
  <set.bindtoipaddress></set.bindtoipaddress>
  <set.sessiontimeout>90001</set.sessiontimeout>
  <set.xframeoptions>sameorigin</set.xframeoptions>
  <set.accesscontrolalloworigin>*</set.accesscontrolalloworigin>
  <set.stricttransportsecurity></set.stricttransportsecurity>
  <set.contentsecuritypolicy></set.contentsecuritypolicy>
  <set.contentsecuritypolicyreportonly></set.contentsecuritypolicyreportonly>
  <set.referrerpolicy>strict-origin-when-cross-origin</set.referrerpolicy>
</ServerSettings>
